floor_area,wwr,u_wall,u_roof,u_glass,shgc,cdd,hdd,solrad,hvac_cop,eui,archetype,source
2445.3413049326437,0.45,0.81,0.35,1.8,0.4,2092.581528210164,100,5.118290872105512,3.8,73.32147264263136,Office,BEE Star Rating 2022
2419.6199420592225,0.3,2.1,3.1,5.8,0.82,1795.9598593645421,200,5.061459387618113,3.0,54.22224191089024,Educational,CARBSE CEPT Case Study
1722.8691136501536,0.35,0.81,0.35,1.8,0.4,2372.0341035536912,20,5.1091293324556055,4.0,134.76397441143172,Hotel,BEE Benchmarking Report 2020
1709.835201956016,0.35,0.81,0.35,1.8,0.4,2311.910288312139,20,5.179763330864494,4.0,137.63148894848064,Hotel,BEE Benchmarking Report 2020
2460.3649153337265,0.45,0.81,0.35,1.8,0.4,2163.7732323199334,100,5.175486976925521,3.8,72.14232392921551,Office,BEE Star Rating 2022
5496.40814436458,0.15,2.1,3.1,1.8,0.4,2877.1590287889717,0,6.167877112893328,3.0,272.3782424119586,Retail,BEE Benchmarking Report 2020
1246.5322110175155,0.35,2.1,3.1,5.8,0.82,2746.095139656851,0,5.884319026193185,2.8,113.02967799012026,Office,BEE Star Rating 2022
4506.8958714191285,0.3,2.1,3.1,3.5,0.6,3217.640523720546,0,6.379097541621825,3.0,141.82014258084806,Office,BEE Benchmarking Report 2020
3313.622911889644,0.4,2.1,0.45,1.8,0.45,2554.047856932663,50,5.554228622415076,3.5,93.26539790350442,Office,BEE Star Rating 2022
2392.815418529418,0.3,2.1,3.1,5.8,0.82,1762.5101956516373,200,5.220520638200896,3.0,54.7288158255853,Educational,CARBSE CEPT Case Study
4981.5270256951535,0.3,2.1,3.1,3.5,0.6,3199.2945754263224,0,6.2073684791535015,3.0,146.07173130556586,Office,BEE Benchmarking Report 2020
1197.9172930217035,0.35,2.1,3.1,5.8,0.82,2856.8642750938393,0,5.661080313613786,2.8,111.43712831615134,Office,BEE Star Rating 2022
1182.0310839772628,0.35,2.1,3.1,5.8,0.82,2829.6572611558813,0,6.044268625286569,2.8,113.30371314513957,Office,BEE Star Rating 2022
2327.3610271947014,0.45,0.81,0.35,1.8,0.4,2104.9441634920904,100,5.180304429515631,3.8,70.84961936192273,Office,BEE Star Rating 2022
1084.988484951273,0.35,2.1,3.1,5.8,0.82,2785.89359521184,0,5.9119078129897265,2.8,112.94653041455352,Office,BEE Star Rating 2022
6216.733517949907,0.15,2.1,3.1,1.8,0.4,2798.35101297267,0,6.2564150749937895,3.0,288.56429466087656,Retail,BEE Benchmarking Report 2020
869.8237603828763,0.2,0.81,0.35,5.8,0.82,1481.6660203208417,300,4.295441651821068,3.2,87.49971601121351,Office,BEE Star Rating 2023
2374.157276261155,0.3,2.1,3.1,5.8,0.82,1775.8839084559006,200,5.181500931864562,3.0,55.965678734491235,Educational,CARBSE CEPT Case Study
3845.169743390039,0.4,2.1,0.45,1.8,0.45,2581.5540158739727,50,5.457261829988334,3.5,93.31878352702202,Office,BEE Star Rating 2022
2352.296926279104,0.45,0.81,0.35,1.8,0.4,2202.6692701461498,100,4.99425730717926,3.8,71.5036369636737,Office,BEE Star Rating 2022
3589.446560577201,0.4,2.1,0.45,1.8,0.45,2533.88634190734,50,5.551305664488945,3.5,94.14459733141572,Office,BEE Star Rating 2022
876.6008687377862,0.2,0.81,0.35,5.8,0.82,1529.7204022324222,300,4.6391493792710925,3.2,88.03475848599602,Office,BEE Star Rating 2023
3157.0587264224464,0.25,2.1,3.1,5.8,0.82,2811.9884600297073,0,5.809232197137714,2.2,359.97842042316717,Hospital,BEE Star Rating 2021
5905.971126873302,0.15,2.1,3.1,1.8,0.4,3007.9191355952207,0,6.195838535827142,3.0,286.55343016415964,Retail,BEE Benchmarking Report 2020
4070.298690179828,0.4,2.1,3.1,5.8,0.82,2959.2348474842743,0,6.281670559610483,2.5,210.89877281275201,Hotel,BEE Benchmarking Report 2020
1794.0502020589888,0.35,0.81,0.35,1.8,0.4,2407.9444186209794,20,5.256258286082243,4.0,138.12333510778342,Hotel,BEE Benchmarking Report 2020
4177.891918672399,0.4,2.1,3.1,5.8,0.82,3136.0005544604505,0,5.914287717907738,2.5,214.09145128162436,Hotel,BEE Benchmarking Report 2020
3520.9081208055068,0.4,2.1,0.45,1.8,0.45,2699.338643221421,50,5.346707150714569,3.5,93.92608835437302,Office,BEE Star Rating 2022
2002.6124782033012,0.3,2.1,3.1,5.8,0.82,1865.0574549773603,200,4.762957591613325,3.0,55.699421354359394,Educational,CARBSE CEPT Case Study
754.0671049112051,0.2,0.81,0.35,5.8,0.82,1573.2988935810445,300,4.582170950388156,3.2,87.04777609128384,Office,BEE Star Rating 2023
1091.0357985039823,0.35,2.1,3.1,5.8,0.82,2707.7825133039396,0,5.986205244480034,2.8,111.77984457292325,Office,BEE Star Rating 2022
5456.027399724959,0.3,2.1,3.1,3.5,0.6,3092.9974027469325,0,6.727933513464864,3.0,148.03536331250686,Office,BEE Benchmarking Report 2020
1267.653799606432,0.35,2.1,3.1,5.8,0.82,2896.0058065449516,0,5.891805660867934,2.8,108.64213925991388,Office,BEE Star Rating 2022
2469.8025128569666,0.45,0.81,0.35,1.8,0.4,2296.988328487338,100,4.9798247064923284,3.8,71.23292741489172,Office,BEE Star Rating 2022
1084.1597513246543,0.35,2.1,3.1,5.8,0.82,2662.239682672661,0,5.8164237377585835,2.8,107.9290193861626,Office,BEE Star Rating 2022
762.9085038272063,0.2,0.81,0.35,5.8,0.82,1527.543735257695,300,4.692625379289141,3.2,89.85158127151736,Office,BEE Star Rating 2023
1632.1485459484852,0.35,0.81,0.35,1.8,0.4,2305.951564626459,20,5.36002178249165,4.0,131.64277518268523,Hotel,BEE Benchmarking Report 2020
4970.5268636924975,0.3,2.1,3.1,3.5,0.6,3231.3938109015103,0,6.35325276809097,3.0,145.62479659385554,Office,BEE Benchmarking Report 2020
4775.67377940929,0.3,2.1,3.1,3.5,0.6,3114.689473341228,0,6.282069756885427,3.0,142.89235877176145,Office,BEE Benchmarking Report 2020
2656.482641406024,0.45,0.81,0.35,1.8,0.4,2139.173960877665,100,4.99478671376752,3.8,71.89068305649093,Office,BEE Star Rating 2022
1199.4947935749656,0.35,2.1,3.1,5.8,0.82,2833.16688028031,0,5.5912157125951,2.8,111.99928278236575,Office,BEE Star Rating 2022
3293.0305519643625,0.4,2.1,0.45,1.8,0.45,2474.533759409966,50,5.410166242200028,3.5,97.39621108016246,Office,BEE Star Rating 2022
4234.046793385978,0.4,2.1,3.1,5.8,0.82,2940.8597295449476,0,5.824679250973763,2.5,214.910222617055,Hotel,BEE Benchmarking Report 2020
5561.31150166241,0.15,2.1,3.1,1.8,0.4,2958.5112243127774,0,5.898118429724759,3.0,286.0553712543699,Retail,BEE Benchmarking Report 2020
1847.548868251675,0.35,0.81,0.35,1.8,0.4,2379.7905478161565,20,5.070311017512872,4.0,137.53241468400032,Hotel,BEE Benchmarking Report 2020
3928.435484961195,0.4,2.1,3.1,5.8,0.82,3095.340655984619,0,6.277754538602288,2.5,207.6925108561898,Hotel,BEE Benchmarking Report 2020
1763.296703879937,0.35,0.81,0.35,1.8,0.4,2392.6434470273452,20,5.371809304908978,4.0,135.7121806467497,Hotel,BEE Benchmarking Report 2020
2154.3799417902765,0.3,2.1,3.1,5.8,0.82,1873.153035305108,200,4.792486767821128,3.0,55.37989903838558,Educational,CARBSE CEPT Case Study
5224.639272939493,0.3,2.1,3.1,3.5,0.6,3292.191100181247,0,6.762499999895884,3.0,145.274754806519,Office,BEE Benchmarking Report 2020
5412.364786241588,0.3,2.1,3.1,3.5,0.6,3290.725103387782,0,6.816467438317133,3.0,143.43439370495196,Office,BEE Benchmarking Report 2020
2691.9933289477426,0.45,0.81,0.35,1.8,0.4,2141.3337402601774,100,5.125071091680637,3.8,70.27057448324946,Office,BEE Star Rating 2022
3027.2086950056837,0.25,2.1,3.1,5.8,0.82,2861.854923674463,0,5.867858085269592,2.2,356.1403671592775,Hospital,BEE Star Rating 2021
1232.710504001242,0.35,2.1,3.1,5.8,0.82,2707.3950016192966,0,5.896230022870893,2.8,109.69293109184994,Office,BEE Star Rating 2022
4425.265036283554,0.4,2.1,3.1,5.8,0.82,3060.6475312892385,0,5.819519102016968,2.5,212.36277373218803,Hotel,BEE Benchmarking Report 2020
2795.099973445557,0.25,2.1,3.1,5.8,0.82,2770.4198363280993,0,5.593337701703613,2.2,341.8291774880591,Hospital,BEE Star Rating 2021
4212.425620504355,0.4,2.1,3.1,5.8,0.82,3030.5061256484105,0,6.257245661639937,2.5,208.53391443710342,Hotel,BEE Benchmarking Report 2020
751.9775098053309,0.2,0.81,0.35,5.8,0.82,1461.50405085575,300,4.698759375577086,3.2,89.61311287450788,Office,BEE Star Rating 2023
5464.285516625601,0.15,2.1,3.1,1.8,0.4,2826.2113312023025,0,6.076968284210498,3.0,281.06813700079795,Retail,BEE Benchmarking Report 2020
3211.228796277789,0.25,2.1,3.1,5.8,0.82,2870.0044866380936,0,6.0262940617083185,2.2,354.627101216151,Hospital,BEE Star Rating 2021
3457.9611803516364,0.4,2.1,0.45,1.8,0.45,2534.568223604909,50,5.728644028251729,3.5,92.89038697627693,Office,BEE Star Rating 2022
3908.2027212666353,0.4,2.1,3.1,5.8,0.82,3091.6007340397623,0,6.059025376643291,2.5,211.3939203217905,Hotel,BEE Benchmarking Report 2020
2903.732723244493,0.25,2.1,3.1,5.8,0.82,2707.4372490060878,0,5.972081040152516,2.2,355.42908442320123,Hospital,BEE Star Rating 2021
2210.6995318639733,0.3,2.1,3.1,5.8,0.82,1778.0419677671769,200,5.125073989943242,3.0,55.60008217874014,Educational,CARBSE CEPT Case Study
1738.2965373871698,0.35,0.81,0.35,1.8,0.4,2311.9084392115333,20,5.486826457329343,4.0,134.27790404114523,Hotel,BEE Benchmarking Report 2020
3015.5300105013125,0.25,2.1,3.1,5.8,0.82,2726.213739847054,0,5.51894264194132,2.2,359.6018786171151,Hospital,BEE Star Rating 2021
793.3097547165279,0.2,0.81,0.35,5.8,0.82,1468.8676228785603,300,4.38222129458911,3.2,91.05798000988753,Office,BEE Star Rating 2023
6080.661383222025,0.15,2.1,3.1,1.8,0.4,2922.836030724307,0,5.983215013636657,3.0,287.2206485971016,Retail,BEE Benchmarking Report 2020
2347.6991027527943,0.45,0.81,0.35,1.8,0.4,2292.9842164559855,100,5.225046339586134,3.8,71.8770909591963,Office,BEE Star Rating 2022
1195.0569876911163,0.35,2.1,3.1,5.8,0.82,2728.500723301003,0,5.982486703979734,2.8,108.33630631459151,Office,BEE Star Rating 2022
1932.4702098592354,0.35,0.81,0.35,1.8,0.4,2397.7071361698145,20,5.416677706535787,4.0,136.44911527538673,Hotel,BEE Benchmarking Report 2020
4149.126409637248,0.4,2.1,3.1,5.8,0.82,3093.0475918098036,0,5.740353056218928,2.5,208.5536697160579,Hotel,BEE Benchmarking Report 2020
2742.87862977489,0.25,2.1,3.1,5.8,0.82,2829.854702730359,0,6.08916008933939,2.2,352.08445978987123,Hospital,BEE Star Rating 2021
4416.3570613403,0.4,2.1,3.1,5.8,0.82,2998.370664940596,0,6.1429330716551345,2.5,208.60562143975145,Hotel,BEE Benchmarking Report 2020
5902.2706571137705,0.15,2.1,3.1,1.8,0.4,2765.5872214180827,0,6.104306740414691,3.0,287.1921054525812,Retail,BEE Benchmarking Report 2020
3709.217755335191,0.4,2.1,0.45,1.8,0.45,2711.9237581579623,50,5.662100031144141,3.5,96.87424521283093,Office,BEE Star Rating 2022
5046.699797661271,0.3,2.1,3.1,3.5,0.6,3199.612528233459,0,6.484000603391307,3.0,142.4303146686092,Office,BEE Benchmarking Report 2020
867.7320462844392,0.2,0.81,0.35,5.8,0.82,1489.1590311302366,300,4.326684550548305,3.2,88.5772699188884,Office,BEE Star Rating 2023
5550.612735649196,0.15,2.1,3.1,1.8,0.4,3036.54926551731,0,5.882032848397942,3.0,287.4950189546734,Retail,BEE Benchmarking Report 2020
816.3653347522089,0.2,0.81,0.35,5.8,0.82,1546.5720884968548,300,4.630482291565309,3.2,86.84228143056879,Office,BEE Star Rating 2023
6118.8942725582465,0.15,2.1,3.1,1.8,0.4,2993.3897678756275,0,5.9271657802985676,3.0,287.042603340306,Retail,BEE Benchmarking Report 2020
6023.208762826185,0.15,2.1,3.1,1.8,0.4,2774.5327097990235,0,6.3182822180831275,3.0,275.06297555713786,Retail,BEE Benchmarking Report 2020
2269.078787441275,0.3,2.1,3.1,5.8,0.82,1800.6975768370987,200,4.863186888579802,3.0,54.51948536766384,Educational,CARBSE CEPT Case Study
5931.875677576145,0.15,2.1,3.1,1.8,0.4,2847.731547164127,0,6.369995941603663,3.0,272.48447300662883,Retail,BEE Benchmarking Report 2020
2087.1917719195844,0.3,2.1,3.1,5.8,0.82,1806.0294091133048,200,5.161779418120189,3.0,55.86892622949262,Educational,CARBSE CEPT Case Study
5593.700705115981,0.15,2.1,3.1,1.8,0.4,3033.704009172546,0,5.905690832627402,3.0,279.2666133298037,Retail,BEE Benchmarking Report 2020
1256.2468580459954,0.35,2.1,3.1,5.8,0.82,2878.1847715061585,0,5.772847500537665,2.8,112.76651787086362,Office,BEE Star Rating 2022
5166.640804817572,0.3,2.1,3.1,3.5,0.6,3226.3538136358534,0,6.388903014353561,3.0,143.48569220707685,Office,BEE Benchmarking Report 2020
1275.8658701459174,0.35,2.1,3.1,5.8,0.82,2883.378300177065,0,5.545154975340423,2.8,110.64127358188806,Office,BEE Star Rating 2022
5835.115490136383,0.15,2.1,3.1,1.8,0.4,3006.194026363148,0,6.366855614976982,3.0,273.7970846656691,Retail,BEE Benchmarking Report 2020
3140.570266894924,0.25,2.1,3.1,5.8,0.82,2928.859773717266,0,5.602065768481013,2.2,348.2169364016554,Hospital,BEE Star Rating 2021
3429.9894605938866,0.4,2.1,0.45,1.8,0.45,2614.902518859698,50,5.262116998085104,3.5,95.3363902738528,Office,BEE Star Rating 2022
3503.6284836758355,0.4,2.1,0.45,1.8,0.45,2557.877422546986,50,5.264931893858314,3.5,95.79023995549105,Office,BEE Star Rating 2022
3335.146816826601,0.4,2.1,0.45,1.8,0.45,2562.8609342653676,50,5.39398023374673,3.5,95.1886885848349,Office,BEE Star Rating 2022
1681.244127943518,0.35,0.81,0.35,1.8,0.4,2362.5590107154053,20,5.381419195216232,4.0,137.27406199748972,Hotel,BEE Benchmarking Report 2020
1647.7468413494241,0.35,0.81,0.35,1.8,0.4,2373.534743345901,20,5.2111909954312905,4.0,138.87603460805838,Hotel,BEE Benchmarking Report 2020
2716.6761263834596,0.25,2.1,3.1,5.8,0.82,2792.657148515076,0,6.075363506490369,2.2,344.3525627964498,Hospital,BEE Star Rating 2021
3437.8769497894145,0.4,2.1,0.45,1.8,0.45,2513.810000567517,50,5.676252607405723,3.5,98.25876758968596,Office,BEE Star Rating 2022
2722.2606348242157,0.45,0.81,0.35,1.8,0.4,2135.5405897814244,100,5.023246281211714,3.8,70.3022993483142,Office,BEE Star Rating 2022
839.8914402025076,0.2,0.81,0.35,5.8,0.82,1549.2513830977862,300,4.301862905416181,3.2,88.28007518066602,Office,BEE Star Rating 2023
4240.768095813214,0.4,2.1,3.1,5.8,0.82,3108.264494558017,0,5.920972469572454,2.5,216.81270231467673,Hotel,BEE Benchmarking Report 2020
3255.344415447095,0.25,2.1,3.1,5.8,0.82,2821.050490537404,0,6.021368327525723,2.2,342.6498160926555,Hospital,BEE Star Rating 2021
2508.014095856789,0.45,0.81,0.35,1.8,0.4,2131.7545972557236,100,5.089819827302624,3.8,73.43603524045922,Office,BEE Star Rating 2022
1772.1347267328615,0.35,0.81,0.35,1.8,0.4,2368.1151794654756,20,5.1091110995017734,4.0,134.75441288438475,Hotel,BEE Benchmarking Report 2020
2104.0691952228544,0.3,2.1,3.1,5.8,0.82,1799.3255596256324,200,4.860475905478183,3.0,55.798733460538045,Educational,CARBSE CEPT Case Study
5724.630371206722,0.15,2.1,3.1,1.8,0.4,3032.0841867022427,0,5.923637272110075,3.0,280.95799608142295,Retail,BEE Benchmarking Report 2020
1261.9509846532642,0.35,2.1,3.1,5.8,0.82,2713.5544432524284,0,6.067072299634307,2.8,111.1772060640351,Office,BEE Star Rating 2022
5211.89734810524,0.3,2.1,3.1,3.5,0.6,3297.245528088076,0,6.751623426674446,3.0,143.86045149252314,Office,BEE Benchmarking Report 2020
2220.826889159781,0.3,2.1,3.1,5.8,0.82,1739.9632439606771,200,5.039150339714372,3.0,55.96324527132143,Educational,CARBSE CEPT Case Study
2388.915590937692,0.45,0.81,0.35,1.8,0.4,2119.28198699723,100,5.228381379657992,3.8,72.93863221432458,Office,BEE Star Rating 2022
2908.5863049632694,0.25,2.1,3.1,5.8,0.82,2815.307458179684,0,5.545680231058321,2.2,358.2477493672007,Hospital,BEE Star Rating 2021
2120.963172057409,0.3,2.1,3.1,5.8,0.82,1886.8581851711192,200,5.090957370047905,3.0,54.68724299970916,Educational,CARBSE CEPT Case Study
3852.2941038842687,0.4,2.1,3.1,5.8,0.82,3010.963542320632,0,6.167473382383646,2.5,210.8735851426127,Hotel,BEE Benchmarking Report 2020
4009.336262101733,0.4,2.1,3.1,5.8,0.82,3054.3561296590547,0,5.720599515579144,2.5,205.53538490081672,Hotel,BEE Benchmarking Report 2020
2545.916237545651,0.45,0.81,0.35,1.8,0.4,2118.6461061276436,100,5.404471052293809,3.8,72.4953359049797,Office,BEE Star Rating 2022
1163.4679811597096,0.35,2.1,3.1,5.8,0.82,2772.7064080019845,0,5.737328118524092,2.8,108.31266322743579,Office,BEE Star Rating 2022
5829.08806614915,0.15,2.1,3.1,1.8,0.4,2980.4452366945566,0,6.274712272903476,3.0,275.70902594557435,Retail,BEE Benchmarking Report 2020
3617.794078162377,0.4,2.1,0.45,1.8,0.45,2672.7664945366505,50,5.569847201066473,3.5,92.66090176989472,Office,BEE Star Rating 2022
3059.8208640420835,0.25,2.1,3.1,5.8,0.82,2888.5570321917244,0,5.628438634632185,2.2,351.8958654307224,Hospital,BEE Star Rating 2021
3027.2236727840223,0.25,2.1,3.1,5.8,0.82,2817.9152948386804,0,5.541094539230926,2.2,349.3278564883359,Hospital,BEE Star Rating 2021
1289.7427052775083,0.35,2.1,3.1,5.8,0.82,2883.5608432146914,0,5.5137100841436855,2.8,111.23186011473764,Office,BEE Star Rating 2022
1676.82186716828,0.35,0.81,0.35,1.8,0.4,2515.8042090360964,20,5.526755905550621,4.0,134.83203819957413,Hotel,BEE Benchmarking Report 2020
2074.630806376901,0.3,2.1,3.1,5.8,0.82,1741.7552443760171,200,4.944098222987981,3.0,55.046145688010185,Educational,CARBSE CEPT Case Study
1204.7010872620278,0.35,2.1,3.1,5.8,0.82,2665.530182119521,0,5.514435573700845,2.8,107.37916726574704,Office,BEE Star Rating 2022
2665.627713781714,0.45,0.81,0.35,1.8,0.4,2129.210166916756,100,5.151811233473802,3.8,71.72437162036606,Office,BEE Star Rating 2022
3240.683780507302,0.25,2.1,3.1,5.8,0.82,2692.73833714669,0,5.593870118856433,2.2,356.74177082171786,Hospital,BEE Star Rating 2021
737.586648846318,0.2,0.81,0.35,5.8,0.82,1456.331256805746,300,4.2916853376586115,3.2,86.27530136095412,Office,BEE Star Rating 2023
826.8258746954739,0.2,0.81,0.35,5.8,0.82,1509.3468744603022,300,4.377272098833226,3.2,88.04272567869617,Office,BEE Star Rating 2023
3773.3013003795463,0.4,2.1,0.45,1.8,0.45,2511.866584434254,50,5.68101138791759,3.5,92.81718456715407,Office,BEE Star Rating 2022
746.7339585865634,0.2,0.81,0.35,5.8,0.82,1561.4636601456293,300,4.320344645607363,3.2,87.22728206859004,Office,BEE Star Rating 2023
5842.3883005127955,0.15,2.1,3.1,1.8,0.4,2855.2482328933784,0,6.2455289485536785,3.0,284.2438033326684,Retail,BEE Benchmarking Report 2020
3883.0562552748406,0.4,2.1,3.1,5.8,0.82,2963.0655588881727,0,6.138913570369658,2.5,206.02585584767652,Hotel,BEE Benchmarking Report 2020
2797.430585395519,0.25,2.1,3.1,5.8,0.82,2933.6619423544303,0,5.93765304982959,2.2,356.76086160285513,Hospital,BEE Star Rating 2021
2929.598200564099,0.25,2.1,3.1,5.8,0.82,2872.650330522557,0,5.5313868107574224,2.2,350.36928018706294,Hospital,BEE Star Rating 2021
5866.324953251106,0.15,2.1,3.1,1.8,0.4,2857.821865805244,0,6.366145816986729,3.0,275.963589723958,Retail,BEE Benchmarking Report 2020
756.152195017861,0.2,0.81,0.35,5.8,0.82,1528.7038906999148,300,4.595853204176487,3.2,89.08907917188641,Office,BEE Star Rating 2023
2534.724255696801,0.45,0.81,0.35,1.8,0.4,2154.100654368819,100,5.225247377402835,3.8,71.93025199144243,Office,BEE Star Rating 2022
2689.6790380347356,0.45,0.81,0.35,1.8,0.4,2242.439747867937,100,5.029364873213083,3.8,72.17120652166642,Office,BEE Star Rating 2022
6242.502040329125,0.15,2.1,3.1,1.8,0.4,2755.8132884345027,0,6.084203962093676,3.0,282.6790681269342,Retail,BEE Benchmarking Report 2020
1707.379681417892,0.35,0.81,0.35,1.8,0.4,2432.2059616479614,20,5.322160669533066,4.0,133.7667089676032,Hotel,BEE Benchmarking Report 2020
2292.0591089469704,0.3,2.1,3.1,5.8,0.82,1814.0532592521986,200,4.891992815995016,3.0,56.92359814682381,Educational,CARBSE CEPT Case Study
5661.771730222634,0.15,2.1,3.1,1.8,0.4,3040.272810915775,0,5.797715763747665,3.0,287.5046104028903,Retail,BEE Benchmarking Report 2020
5081.234358504789,0.3,2.1,3.1,3.5,0.6,3301.0252946720866,0,6.371758162238607,3.0,144.4625194011535,Office,BEE Benchmarking Report 2020
3928.205602499046,0.4,2.1,3.1,5.8,0.82,2875.513245007058,0,5.9609528442256705,2.5,212.67331943863445,Hotel,BEE Benchmarking Report 2020
6409.306389365782,0.15,2.1,3.1,1.8,0.4,2920.6558196594265,0,6.118133095625838,3.0,276.22356091098214,Retail,BEE Benchmarking Report 2020
3157.846556413998,0.4,2.1,0.45,1.8,0.45,2517.167683296136,50,5.672906768901109,3.5,95.65976321403375,Office,BEE Star Rating 2022
2788.9169300076965,0.25,2.1,3.1,5.8,0.82,2813.846796477016,0,5.513495534483825,2.2,358.87467631145665,Hospital,BEE Star Rating 2021
5421.64480798296,0.3,2.1,3.1,3.5,0.6,3125.2163094822336,0,6.530267423089278,3.0,141.4937766895548,Office,BEE Benchmarking Report 2020
2295.357013156102,0.3,2.1,3.1,5.8,0.82,1859.0706296518147,200,4.946845677784786,3.0,56.83987709949632,Educational,CARBSE CEPT Case Study
1299.532896398626,0.35,2.1,3.1,5.8,0.82,2663.1652448163245,0,5.902195626785454,2.8,109.5608399368101,Office,BEE Star Rating 2022
5468.4971877373155,0.3,2.1,3.1,3.5,0.6,3190.9642517572775,0,6.683506232189374,3.0,141.1791177617127,Office,BEE Benchmarking Report 2020
4582.752425998102,0.4,2.1,3.1,5.8,0.82,3045.015757795216,0,6.003098636814524,2.5,205.61712554218622,Hotel,BEE Benchmarking Report 2020
4649.565889846865,0.3,2.1,3.1,3.5,0.6,3268.351309687327,0,6.650616979891565,3.0,149.22537543144728,Office,BEE Benchmarking Report 2020
2305.547397904998,0.3,2.1,3.1,5.8,0.82,1794.6718733941682,200,5.221292001819365,3.0,55.811475362478745,Educational,CARBSE CEPT Case Study
3693.6210884980696,0.4,2.1,0.45,1.8,0.45,2538.8124270655567,50,5.258884260192554,3.5,96.57685765332182,Office,BEE Star Rating 2022
2294.449825793054,0.3,2.1,3.1,5.8,0.82,1828.103756264314,200,5.015786845050886,3.0,56.751534849213876,Educational,CARBSE CEPT Case Study
852.5384351751604,0.2,0.81,0.35,5.8,0.82,1574.3340656967432,300,4.718353967475867,3.2,88.27892414201392,Office,BEE Star Rating 2023
3221.115699809289,0.4,2.1,0.45,1.8,0.45,2655.5319241595535,50,5.295041521266082,3.5,93.80554497345855,Office,BEE Star Rating 2022
1630.7123385898265,0.35,0.81,0.35,1.8,0.4,2509.2883943235693,20,5.289538196824421,4.0,136.65934126104676,Hotel,BEE Benchmarking Report 2020
790.4951269719337,0.2,0.81,0.35,5.8,0.82,1487.250766000065,300,4.621042982192366,3.2,90.11026631193783,Office,BEE Star Rating 2023
2417.472772635003,0.45,0.81,0.35,1.8,0.4,2141.0950729108226,100,5.169555562386366,3.8,73.08805179841293,Office,BEE Star Rating 2022
4930.643066099993,0.3,2.1,3.1,3.5,0.6,3199.635436059806,0,6.46537888777042,3.0,146.53742873359099,Office,BEE Benchmarking Report 2020
2722.165398491754,0.45,0.81,0.35,1.8,0.4,2128.225670900799,100,5.306204869647475,3.8,74.09154348214197,Office,BEE Star Rating 2022
2272.5195615332746,0.3,2.1,3.1,5.8,0.82,1884.495748211472,200,4.844700254216587,3.0,56.94963663473242,Educational,CARBSE CEPT Case Study
2198.984971264059,0.3,2.1,3.1,5.8,0.82,1809.1719361691507,200,5.195999462434063,3.0,55.31059955992583,Educational,CARBSE CEPT Case Study
4798.035629666307,0.3,2.1,3.1,3.5,0.6,3096.8731627595116,0,6.548763291122324,3.0,143.80547886618953,Office,BEE Benchmarking Report 2020
3366.6764514147453,0.4,2.1,0.45,1.8,0.45,2635.1891843461153,50,5.608956043875411,3.5,98.1201887863003,Office,BEE Star Rating 2022
3487.6836882620755,0.4,2.1,0.45,1.8,0.45,2590.6421505000535,50,5.298396340804885,3.5,94.954162514588,Office,BEE Star Rating 2022
2672.280537025282,0.45,0.81,0.35,1.8,0.4,2295.6552067233715,100,5.368193608103698,3.8,74.31446885193165,Office,BEE Star Rating 2022
837.8807632035495,0.2,0.81,0.35,5.8,0.82,1428.2553242385457,300,4.332068163410821,3.2,88.46684459029905,Office,BEE Star Rating 2023
1729.3111944501256,0.35,0.81,0.35,1.8,0.4,2444.6526785910733,20,5.510242864319629,4.0,132.54943614132333,Hotel,BEE Benchmarking Report 2020
1202.4408656454998,0.35,2.1,3.1,5.8,0.82,2817.4477317451624,0,5.844387088115133,2.8,112.79693326750038,Office,BEE Star Rating 2022
4503.723664211579,0.4,2.1,3.1,5.8,0.82,3088.051102529513,0,6.135521738577635,2.5,213.03608864051543,Hotel,BEE Benchmarking Report 2020
804.0392558436462,0.2,0.81,0.35,5.8,0.82,1523.4415700351174,300,4.327992813373467,3.2,88.6789016286012,Office,BEE Star Rating 2023
4221.947948205065,0.4,2.1,3.1,5.8,0.82,2869.6919911512796,0,6.0716168781269575,2.5,208.04140821700733,Hotel,BEE Benchmarking Report 2020
2397.7699952243133,0.45,0.81,0.35,1.8,0.4,2094.239684871174,100,5.434661277920499,3.8,72.19182341035096,Office,BEE Star Rating 2022
2096.7411715326107,0.3,2.1,3.1,5.8,0.82,1717.445168983948,200,5.243823443488078,3.0,55.773225856352425,Educational,CARBSE CEPT Case Study
3117.83100039127,0.25,2.1,3.1,5.8,0.82,2764.6437020675617,0,5.53341895706638,2.2,352.09359874120827,Hospital,BEE Star Rating 2021
2042.220340584392,0.3,2.1,3.1,5.8,0.82,1722.9924816891805,200,4.766077021975496,3.0,53.94664151631444,Educational,CARBSE CEPT Case Study
6089.507364836028,0.15,2.1,3.1,1.8,0.4,3000.853694214838,0,6.2442643543743195,3.0,283.4696902742373,Retail,BEE Benchmarking Report 2020
1823.6445948301948,0.35,0.81,0.35,1.8,0.4,2297.553782179822,20,5.494786163877608,4.0,135.68594198848027,Hotel,BEE Benchmarking Report 2020
3165.170294564463,0.25,2.1,3.1,5.8,0.82,2741.7770823444603,0,6.0618769354518385,2.2,341.8708189717571,Hospital,BEE Star Rating 2021
2493.9441363642927,0.45,0.81,0.35,1.8,0.4,2225.824012373855,100,5.357590594925633,3.8,73.85017999520632,Office,BEE Star Rating 2022
2104.4714130264956,0.3,2.1,3.1,5.8,0.82,1805.5373450122963,200,4.824290567141634,3.0,54.07952961209118,Educational,CARBSE CEPT Case Study
3161.946139417372,0.25,2.1,3.1,5.8,0.82,2911.1960631473994,0,6.081166360267211,2.2,349.235127961639,Hospital,BEE Star Rating 2021
2798.975420410147,0.25,2.1,3.1,5.8,0.82,2875.3804684978263,0,5.726845148199866,2.2,358.5605724161559,Hospital,BEE Star Rating 2021
3659.793680405217,0.4,2.1,0.45,1.8,0.45,2612.187777924698,50,5.314177122885968,3.5,92.89766710028253,Office,BEE Star Rating 2022
5442.137158056375,0.15,2.1,3.1,1.8,0.4,2763.994008797355,0,5.856280550725727,3.0,277.5570999384675,Retail,BEE Benchmarking Report 2020
1794.1981399585077,0.35,0.81,0.35,1.8,0.4,2515.7353358543546,20,5.465516141128038,4.0,132.0286528977738,Hotel,BEE Benchmarking Report 2020
759.2086680320651,0.2,0.81,0.35,5.8,0.82,1446.3611353548333,300,4.629654259843496,3.2,89.05562364239988,Office,BEE Star Rating 2023
3181.445426608906,0.4,2.1,0.45,1.8,0.45,2711.0287815985844,50,5.255135314423209,3.5,92.62031214057008,Office,BEE Star Rating 2022
4763.696477675217,0.3,2.1,3.1,3.5,0.6,3242.104124233437,0,6.798524651734969,3.0,143.18337891730673,Office,BEE Benchmarking Report 2020
2235.610717979253,0.3,2.1,3.1,5.8,0.82,1856.5111411038483,200,4.853944334437342,3.0,55.226243409814586,Educational,CARBSE CEPT Case Study
1108.348153709853,0.35,2.1,3.1,5.8,0.82,2894.8932547358236,0,5.65162517138319,2.8,113.022585850156,Office,BEE Star Rating 2022
4469.924509373407,0.4,2.1,3.1,5.8,0.82,3000.4743376256656,0,6.061672076108922,2.5,213.73163363954166,Hotel,BEE Benchmarking Report 2020
1807.3966902448794,0.35,0.81,0.35,1.8,0.4,2325.109962117073,20,5.418555818841922,4.0,139.2125473612944,Hotel,BEE Benchmarking Report 2020
2273.2566512638555,0.45,0.81,0.35,1.8,0.4,2264.6105674569267,100,4.949868870420938,3.8,73.45624941175424,Office,BEE Star Rating 2022
4949.833012958919,0.3,2.1,3.1,3.5,0.6,3042.8524314415477,0,6.760786236701689,3.0,141.0854378532791,Office,BEE Benchmarking Report 2020
1273.0334917704479,0.35,2.1,3.1,5.8,0.82,2924.114357093975,0,5.771378856106018,2.8,112.98450931452537,Office,BEE Star Rating 2022
2635.4262946954887,0.45,0.81,0.35,1.8,0.4,2295.200017030954,100,5.359171682690664,3.8,71.10396071366625,Office,BEE Star Rating 2022
2520.009172655684,0.45,0.81,0.35,1.8,0.4,2186.310917289693,100,5.414170018902833,3.8,72.11364167283998,Office,BEE Star Rating 2022
